Season,Date,Plate_ID,Plate_Type,Group,Sq_no,F0,Gains,Voltage
Spring,2024_06_09,F1,Female,1,5,0,12,12
Spring,2024_06_09,F1,Female,1,6,0,12,12
Spring,2024_06_09,F1,Female,1,11,0,12,12
Spring,2024_06_09,F1,Female,1,12,0,12,12
Spring,2024_06_09,F1,Female,1,16,0,12,12
Spring,2024_06_09,F1,Female,1,20,0,12,12
Spring,2024_06_09,F1,Female,1,25,0,12,12
Spring,2024_06_09,F1,Female,1,30,0,12,12
Spring,2024_06_09,F1,Female,1,32,0,12,12
Spring,2024_06_09,F1,Female,1,36,0,12,12
Spring,2024_06_09,F1,Female,1,38,0,12,12
Spring,2024_06_09,F1,Female,1,40,0,12,12
Spring,2024_06_09,F1,Female,1,45,0,12,12
Spring,2024_06_09,F1,Female,1,49,0,12,12
Spring,2024_06_09,F1,Female,1,51,0,12,12
Spring,2024_06_09,F1,Female,1,54,0,12,12
Spring,2024_06_09,F1,Female,1,59,0,12,12
Spring,2024_06_09,F1,Female,1,63,0,12,12
Spring,2024_06_09,F1,Female,1,64,0,12,12
Spring,2024_06_09,F1,Female,1,65,0,12,12
Spring,2024_06_09,F1,Female,1,69,0,12,12
Spring,2024_06_09,F1,Female,1,71,0,12,12
Spring,2024_06_09,F1,Female,1,75,0,12,12
Spring,2024_06_09,F1,Female,1,78,0,12,12
Spring,2024_06_09,M1,Male,1,1,0,12,12
Spring,2024_06_09,M1,Male,1,5,0,12,12
Spring,2024_06_09,M1,Male,1,8,0,12,12
Spring,2024_06_09,M1,Male,1,9,0,12,12
Spring,2024_06_09,M1,Male,1,12,0,12,12
Spring,2024_06_09,M1,Male,1,13,0,12,12
Spring,2024_06_09,M1,Male,1,14,0,12,12
Spring,2024_06_09,M1,Male,1,18,0,12,12
Spring,2024_06_09,M1,Male,1,20,0,12,12
Spring,2024_06_09,M1,Male,1,21,0,12,12
Spring,2024_06_09,M1,Male,1,23,0,12,12
Spring,2024_06_09,M1,Male,1,27,0,12,12
Spring,2024_06_09,M1,Male,1,31,0,12,12
Spring,2024_06_09,M1,Male,1,36,0,12,12
Spring,2024_06_09,M1,Male,1,39,0,12,12
Spring,2024_06_09,M1,Male,1,40,0,12,12
Spring,2024_06_09,M1,Male,1,43,0,12,12
Spring,2024_06_09,M1,Male,1,44,0,12,12
Spring,2024_06_09,M1,Male,1,46,0,12,12
Spring,2024_06_09,M1,Male,1,47,0,12,12
Spring,2024_06_09,M1,Male,1,52,0,12,12
Spring,2024_06_09,M1,Male,1,54,0,12,12
Spring,2024_06_09,M1,Male,1,58,0,12,12
Spring,2024_06_09,M1,Male,1,61,0,12,12
Spring,2024_06_09,F2,Female,2,4,0,12,12
Spring,2024_06_09,F2,Female,2,9,0,12,12
Spring,2024_06_09,F2,Female,2,13,0,12,12
Spring,2024_06_09,F2,Female,2,15,0,12,12
Spring,2024_06_09,F2,Female,2,16,0,12,12
Spring,2024_06_09,F2,Female,2,21,0,12,12
Spring,2024_06_09,F2,Female,2,22,0,12,12
Spring,2024_06_09,F2,Female,2,27,0,12,12
Spring,2024_06_09,F2,Female,2,28,0,12,12
Spring,2024_06_09,F2,Female,2,30,0,12,12
Spring,2024_06_09,F2,Female,2,31,0,12,12
Spring,2024_06_09,F2,Female,2,34,0,12,12
Spring,2024_06_09,F2,Female,2,37,0,12,12
Spring,2024_06_09,F2,Female,2,40,0,12,12
Spring,2024_06_09,F2,Female,2,45,0,12,12
Spring,2024_06_09,F2,Female,2,46,0,12,12
Spring,2024_06_09,F2,Female,2,49,0,12,12
Spring,2024_06_09,F2,Female,2,50,0,12,12
Spring,2024_06_09,F2,Female,2,54,0,12,12
Spring,2024_06_09,F2,Female,2,57,0,12,12
Spring,2024_06_09,F2,Female,2,62,0,12,12
Spring,2024_06_09,F2,Female,2,65,0,12,12
Spring,2024_06_09,F2,Female,2,68,0,12,12
Spring,2024_06_09,F2,Female,2,73,0,12,12
Spring,2024_06_09,F2,Female,2,74,0,12,12
Spring,2024_06_09,M2,Male,2,3,0,12,12
Spring,2024_06_09,M2,Male,2,5,0,12,12
Spring,2024_06_09,M2,Male,2,9,0,12,12
Spring,2024_06_09,M2,Male,2,12,0,12,12
Spring,2024_06_09,M2,Male,2,13,0,12,12
Spring,2024_06_09,M2,Male,2,14,0,12,12
Spring,2024_06_09,M2,Male,2,16,0,12,12
Spring,2024_06_09,M2,Male,2,21,0,12,12
Spring,2024_06_09,M2,Male,2,23,0,12,12
Spring,2024_06_09,M2,Male,2,27,0,12,12
Spring,2024_06_09,M2,Male,2,28,0,12,12
Spring,2024_06_09,M2,Male,2,32,0,12,12
Spring,2024_06_09,M2,Male,2,33,0,12,12
Spring,2024_06_09,M2,Male,2,34,0,12,12
Spring,2024_06_09,M2,Male,2,37,0,12,12
Spring,2024_06_09,M2,Male,2,38,0,12,12
Spring,2024_06_09,M2,Male,2,42,0,12,12
Spring,2024_06_09,M2,Male,2,47,0,12,12
Spring,2024_06_09,M2,Male,2,48,0,12,12
Spring,2024_06_09,M2,Male,2,52,0,12,12
Spring,2024_06_09,M2,Male,2,57,0,12,12
Spring,2024_06_09,M2,Male,2,58,0,12,12
Spring,2024_06_09,M2,Male,2,60,0,12,12
Spring,2024_06_09,M2,Male,2,61,0,12,12
Spring,2024_06_09,F3,Female,3,4,0,12,12
Spring,2024_06_09,F3,Female,3,6,0,12,12
Spring,2024_06_09,F3,Female,3,7,0,12,12
Spring,2024_06_09,F3,Female,3,9,0,12,12
Spring,2024_06_09,F3,Female,3,11,0,12,12
Spring,2024_06_09,F3,Female,3,13,0,12,12
Spring,2024_06_09,F3,Female,3,15,0,12,12
Spring,2024_06_09,F3,Female,3,18,0,12,12
Spring,2024_06_09,F3,Female,3,20,0,12,12
Spring,2024_06_09,F3,Female,3,23,0,12,12
Spring,2024_06_09,F3,Female,3,27,0,12,12
Spring,2024_06_09,F3,Female,3,29,0,12,12
Spring,2024_06_09,F3,Female,3,32,0,12,12
Spring,2024_06_09,F3,Female,3,37,0,12,12
Spring,2024_06_09,F3,Female,3,40,0,12,12
Spring,2024_06_09,F3,Female,3,44,0,12,12
Spring,2024_06_09,F3,Female,3,48,0,12,12
Spring,2024_06_09,F3,Female,3,50,0,12,12
Spring,2024_06_09,F3,Female,3,51,0,12,12
Spring,2024_06_09,F3,Female,3,53,0,12,12
Spring,2024_06_09,F3,Female,3,57,0,12,12
Spring,2024_06_09,F3,Female,3,60,0,12,12
Spring,2024_06_09,F3,Female,3,64,0,12,12
Spring,2024_06_09,F3,Female,3,65,0,12,12
Spring,2024_06_09,M3,Male,3,4,0,12,12
Spring,2024_06_09,M3,Male,3,6,0,12,12
Spring,2024_06_09,M3,Male,3,8,0,12,12
Spring,2024_06_09,M3,Male,3,9,0,12,12
Spring,2024_06_09,M3,Male,3,13,0,12,12
Spring,2024_06_09,M3,Male,3,17,0,12,12
Spring,2024_06_09,M3,Male,3,21,0,12,12
Spring,2024_06_09,M3,Male,3,25,0,12,12
Spring,2024_06_09,M3,Male,3,28,0,12,12
Spring,2024_06_09,M3,Male,3,29,0,12,12
Spring,2024_06_09,M3,Male,3,30,0,12,12
Spring,2024_06_09,M3,Male,3,34,0,12,12
Spring,2024_06_09,M3,Male,3,39,0,12,12
Spring,2024_06_09,M3,Male,3,43,0,12,12
Spring,2024_06_09,M3,Male,3,48,0,12,12
Spring,2024_06_09,M3,Male,3,50,0,12,12
Spring,2024_06_09,M3,Male,3,55,0,12,12
Spring,2024_06_09,M3,Male,3,58,0,12,12
Spring,2024_06_09,M3,Male,3,63,0,12,12
Spring,2024_06_09,M3,Male,3,66,0,12,12
Spring,2024_06_09,M3,Male,3,68,0,12,12
Spring,2024_06_09,M3,Male,3,69,0,12,12
Spring,2024_06_09,M3,Male,3,74,0,12,12
Spring,2024_06_09,M3,Male,3,75,0,12,12
Spring,2024_06_09,F4,Female,4,5,0,12,12
Spring,2024_06_09,F4,Female,4,8,0,12,12
Spring,2024_06_09,F4,Female,4,11,0,12,12
Spring,2024_06_09,F4,Female,4,16,0,12,12
Spring,2024_06_09,F4,Female,4,18,0,12,12
Spring,2024_06_09,F4,Female,4,22,0,12,12
Spring,2024_06_09,F4,Female,4,24,0,12,12
Spring,2024_06_09,F4,Female,4,28,0,12,12
Spring,2024_06_09,F4,Female,4,32,0,12,12
Spring,2024_06_09,F4,Female,4,33,0,12,12
Spring,2024_06_09,F4,Female,4,37,0,12,12
Spring,2024_06_09,F4,Female,4,39,0,12,12
Spring,2024_06_09,F4,Female,4,42,0,12,12
Spring,2024_06_09,F4,Female,4,45,0,12,12
Spring,2024_06_09,F4,Female,4,48,0,12,12
Spring,2024_06_09,F4,Female,4,49,0,12,12
Spring,2024_06_09,F4,Female,4,53,0,12,12
Spring,2024_06_09,F4,Female,4,56,0,12,12
Spring,2024_06_09,F4,Female,4,60,0,12,12
Spring,2024_06_09,F4,Female,4,63,0,12,12
Spring,2024_06_09,F4,Female,4,66,0,12,12
Spring,2024_06_09,F4,Female,4,67,0,12,12
Spring,2024_06_09,F4,Female,4,71,0,12,12
Spring,2024_06_09,F4,Female,4,74,0,12,12
Spring,2024_06_09,M4,Male,4,3,0,12,12
Spring,2024_06_09,M4,Male,4,6,0,12,12
Spring,2024_06_09,M4,Male,4,7,0,12,12
Spring,2024_06_09,M4,Male,4,10,0,12,12
Spring,2024_06_09,M4,Male,4,11,0,12,12
Spring,2024_06_09,M4,Male,4,14,0,12,12
Spring,2024_06_09,M4,Male,4,18,0,12,12
Spring,2024_06_09,M4,Male,4,22,0,12,12
Spring,2024_06_09,M4,Male,4,23,0,12,12
Spring,2024_06_09,M4,Male,4,25,0,12,12
Spring,2024_06_09,M4,Male,4,28,0,12,12
Spring,2024_06_09,M4,Male,4,33,0,12,12
Spring,2024_06_09,M4,Male,4,37,0,12,12
Spring,2024_06_09,M4,Male,4,39,0,12,12
Spring,2024_06_09,M4,Male,4,42,0,12,12
Spring,2024_06_09,M4,Male,4,44,0,12,12
Spring,2024_06_09,M4,Male,4,49,0,12,12
Spring,2024_06_09,M4,Male,4,51,0,12,12
Spring,2024_06_09,M4,Male,4,55,0,12,12
Spring,2024_06_09,M4,Male,4,58,0,12,12
Spring,2024_06_09,M4,Male,4,63,0,12,12
Spring,2024_06_09,M4,Male,4,68,0,12,12
Spring,2024_06_09,M4,Male,4,73,0,12,12
Spring,2024_06_09,M4,Male,4,78,0,12,12
Spring,2024_06_09,C1,Control,1,2,0,12,12
Spring,2024_06_09,C1,Control,1,3,0,12,12
Spring,2024_06_09,C1,Control,1,6,0,12,12
Spring,2024_06_09,C1,Control,1,11,0,12,12
Spring,2024_06_09,C1,Control,1,14,0,12,12
Spring,2024_06_09,C1,Control,1,16,0,12,12
Spring,2024_06_09,C1,Control,1,17,0,12,12
Spring,2024_06_09,C1,Control,1,18,0,12,12
Spring,2024_06_09,C1,Control,1,20,0,12,12
Spring,2024_06_09,C1,Control,1,22,0,12,12
Spring,2024_06_09,C1,Control,1,24,0,12,12
Spring,2024_06_09,C1,Control,1,26,0,12,12
Spring,2024_06_09,C1,Control,1,27,0,12,12
Spring,2024_06_09,C1,Control,1,28,0,12,12
Spring,2024_06_09,C1,Control,1,31,0,12,12
Spring,2024_06_09,C1,Control,1,38,0,12,12
Spring,2024_06_09,C1,Control,1,39,0,12,12
Spring,2024_06_09,C1,Control,1,43,0,12,12
Spring,2024_06_09,C1,Control,1,48,0,12,12
Spring,2024_06_09,C1,Control,1,52,0,12,12
Spring,2024_06_09,C1,Control,1,56,0,12,12
Spring,2024_06_09,C1,Control,1,57,0,12,12
Spring,2024_06_09,C1,Control,1,61,0,12,12
Spring,2024_06_09,C1,Control,1,66,0,12,12
Spring,2024_06_09,C1,Control,1,70,0,12,12
Spring,2024_06_09,F5,Female,5,4,0,12,12
Spring,2024_06_09,F5,Female,5,6,0,12,12
Spring,2024_06_09,F5,Female,5,11,0,12,12
Spring,2024_06_09,F5,Female,5,13,0,12,12
Spring,2024_06_09,F5,Female,5,17,0,12,12
Spring,2024_06_09,F5,Female,5,18,0,12,12
Spring,2024_06_09,F5,Female,5,22,0,12,12
Spring,2024_06_09,F5,Female,5,26,0,12,12
Spring,2024_06_09,F5,Female,5,30,0,12,12
Spring,2024_06_09,F5,Female,5,35,0,12,12
Spring,2024_06_09,F5,Female,5,36,0,12,12
Spring,2024_06_09,F5,Female,5,39,0,12,12
Spring,2024_06_09,F5,Female,5,41,0,12,12
Spring,2024_06_09,F5,Female,5,42,0,12,12
Spring,2024_06_09,F5,Female,5,47,0,12,12
Spring,2024_06_09,F5,Female,5,52,0,12,12
Spring,2024_06_09,F5,Female,5,56,0,12,12
Spring,2024_06_09,F5,Female,5,61,0,12,12
Spring,2024_06_09,F5,Female,5,65,0,12,12
Spring,2024_06_09,F5,Female,5,69,0,12,12
Spring,2024_06_09,F5,Female,5,71,0,12,12
Spring,2024_06_09,F5,Female,5,73,0,12,12
Spring,2024_06_09,F5,Female,5,77,0,12,12
Spring,2024_06_09,F5,Female,5,78,0,12,12
Spring,2024_06_09,M5,Male,5,3,0,12,12
Spring,2024_06_09,M5,Male,5,5,0,12,12
Spring,2024_06_09,M5,Male,5,10,0,12,12
Spring,2024_06_09,M5,Male,5,13,0,12,12
Spring,2024_06_09,M5,Male,5,16,0,12,12
Spring,2024_06_09,M5,Male,5,19,0,12,12
Spring,2024_06_09,M5,Male,5,20,0,12,12
Spring,2024_06_09,M5,Male,5,21,0,12,12
Spring,2024_06_09,M5,Male,5,23,0,12,12
Spring,2024_06_09,M5,Male,5,25,0,12,12
Spring,2024_06_09,M5,Male,5,29,0,12,12
Spring,2024_06_09,M5,Male,5,31,0,12,12
Spring,2024_06_09,M5,Male,5,33,0,12,12
Spring,2024_06_09,M5,Male,5,37,0,12,12
Spring,2024_06_09,M5,Male,5,40,0,12,12
Spring,2024_06_09,M5,Male,5,44,0,12,12
Spring,2024_06_09,M5,Male,5,47,0,12,12
Spring,2024_06_09,M5,Male,5,51,0,12,12
Spring,2024_06_09,M5,Male,5,53,0,12,12
Spring,2024_06_09,M5,Male,5,56,0,12,12
Spring,2024_06_09,M5,Male,5,61,0,12,12
Spring,2024_06_09,M5,Male,5,64,0,12,12
Spring,2024_06_09,M5,Male,5,65,0,12,12
Spring,2024_06_09,F6,Female,6,2,0,10,9
Spring,2024_06_09,F6,Female,6,6,0,10,9
Spring,2024_06_09,F6,Female,6,9,0,10,9
Spring,2024_06_09,F6,Female,6,12,164,10,9
Spring,2024_06_09,F6,Female,6,17,0,10,9
Spring,2024_06_09,F6,Female,6,19,0,10,9
Spring,2024_06_09,F6,Female,6,22,174,10,9
Spring,2024_06_09,F6,Female,6,25,0,10,9
Spring,2024_06_09,F6,Female,6,27,185,10,9
Spring,2024_06_09,F6,Female,6,32,0,10,9
Spring,2024_06_09,F6,Female,6,33,177,10,9
Spring,2024_06_09,F6,Female,6,38,0,10,9
Spring,2024_06_09,F6,Female,6,42,328,10,9
Spring,2024_06_09,F6,Female,6,47,0,10,9
Spring,2024_06_09,F6,Female,6,49,0,10,9
Spring,2024_06_09,F6,Female,6,54,0,10,9
Spring,2024_06_09,F6,Female,6,55,0,10,9
Spring,2024_06_09,F6,Female,6,56,0,10,9
Spring,2024_06_09,F6,Female,6,59,0,10,9
Spring,2024_06_09,F6,Female,6,61,0,10,9
Spring,2024_06_09,F6,Female,6,65,0,10,9
Spring,2024_06_09,F6,Female,6,69,0,10,9
Spring,2024_06_09,F6,Female,6,74,0,10,9
Spring,2024_06_09,F6,Female,6,79,0,10,9
Spring,2024_06_09,M6,Male,6,4,0,10,9
Spring,2024_06_09,M6,Male,6,7,0,10,9
Spring,2024_06_09,M6,Male,6,9,0,10,9
Spring,2024_06_09,M6,Male,6,11,228,10,9
Spring,2024_06_09,M6,Male,6,13,0,10,9
Spring,2024_06_09,M6,Male,6,16,325,10,9
Spring,2024_06_09,M6,Male,6,18,0,10,9
Spring,2024_06_09,M6,Male,6,21,312,10,9
Spring,2024_06_09,M6,Male,6,22,0,10,9
Spring,2024_06_09,M6,Male,6,24,272,10,9
Spring,2024_06_09,M6,Male,6,25,329,10,9
Spring,2024_06_09,M6,Male,6,29,0,10,9
Spring,2024_06_09,M6,Male,6,33,243,10,9
Spring,2024_06_09,M6,Male,6,34,0,10,9
Spring,2024_06_09,M6,Male,6,35,0,10,9
Spring,2024_06_09,M6,Male,6,37,141,10,9
Spring,2024_06_09,M6,Male,6,38,0,10,9
Spring,2024_06_09,M6,Male,6,40,0,10,9
Spring,2024_06_09,M6,Male,6,45,0,10,9
Spring,2024_06_09,M6,Male,6,48,0,10,9
Spring,2024_06_09,M6,Male,6,49,0,10,9
Spring,2024_06_09,M6,Male,6,52,0,10,9
Spring,2024_06_09,M6,Male,6,54,0,10,9
Spring,2024_06_09,M6,Male,6,57,0,10,9
Spring,2024_06_10,C2,Control,2,1,0,12,12
Spring,2024_06_10,C2,Control,2,4,0,12,12
Spring,2024_06_10,C2,Control,2,9,0,12,12
Spring,2024_06_10,C2,Control,2,12,0,12,12
Spring,2024_06_10,C2,Control,2,14,0,12,12
Spring,2024_06_10,C2,Control,2,18,0,12,12
Spring,2024_06_10,C2,Control,2,20,0,12,12
Spring,2024_06_10,C2,Control,2,23,0,12,12
Spring,2024_06_10,C2,Control,2,26,0,12,12
Spring,2024_06_10,C2,Control,2,31,0,12,12
Spring,2024_06_10,C2,Control,2,36,0,12,12
Spring,2024_06_10,C2,Control,2,40,0,12,12
Spring,2024_06_10,C2,Control,2,42,0,12,12
Spring,2024_06_10,C2,Control,2,43,0,12,12
Spring,2024_06_10,C2,Control,2,45,0,12,12
Spring,2024_06_10,C2,Control,2,46,0,12,12
Spring,2024_06_10,C2,Control,2,49,0,12,12
Spring,2024_06_10,C2,Control,2,52,0,12,12
Spring,2024_06_10,C2,Control,2,55,201,12,12
Spring,2024_06_10,C2,Control,2,58,0,12,12
Spring,2024_06_10,C2,Control,2,59,0,12,12
Spring,2024_06_10,C2,Control,2,64,0,12,12
Spring,2024_06_10,C2,Control,2,68,0,12,12
Spring,2024_06_10,C2,Control,2,72,0,12,12
Spring,2024_06_10,F7,Female,7,5,0,12,12
Spring,2024_06_10,F7,Female,7,9,0,12,12
Spring,2024_06_10,F7,Female,7,14,0,12,12
Spring,2024_06_10,F7,Female,7,19,0,12,12
Spring,2024_06_10,F7,Female,7,20,0,12,12
Spring,2024_06_10,F7,Female,7,21,0,12,12
Spring,2024_06_10,F7,Female,7,24,0,12,12
Spring,2024_06_10,F7,Female,7,27,0,12,12
Spring,2024_06_10,F7,Female,7,30,0,12,12
Spring,2024_06_10,F7,Female,7,31,0,12,12
Spring,2024_06_10,F7,Female,7,32,0,12,12
Spring,2024_06_10,F7,Female,7,36,0,12,12
Spring,2024_06_10,F7,Female,7,39,0,12,12
Spring,2024_06_10,F7,Female,7,43,0,12,12
Spring,2024_06_10,F7,Female,7,44,0,12,12
Spring,2024_06_10,F7,Female,7,49,0,12,12
Spring,2024_06_10,F7,Female,7,51,0,12,12
Spring,2024_06_10,F7,Female,7,53,0,12,12
Spring,2024_06_10,F7,Female,7,58,0,12,12
Spring,2024_06_10,F7,Female,7,62,0,12,12
Spring,2024_06_10,F7,Female,7,67,0,12,12
Spring,2024_06_10,F7,Female,7,68,0,12,12
Spring,2024_06_10,F7,Female,7,71,0,12,12
Spring,2024_06_10,F7,Female,7,72,0,12,12
Spring,2024_06_10,M7,Male,7,2,0,12,12
Spring,2024_06_10,M7,Male,7,3,0,12,12
Spring,2024_06_10,M7,Male,7,5,0,12,12
Spring,2024_06_10,M7,Male,7,6,0,12,12
Spring,2024_06_10,M7,Male,7,10,0,12,12
Spring,2024_06_10,M7,Male,7,12,0,12,12
Spring,2024_06_10,M7,Male,7,16,0,12,12
Spring,2024_06_10,M7,Male,7,21,0,12,12
Spring,2024_06_10,M7,Male,7,22,0,12,12
Spring,2024_06_10,M7,Male,7,24,0,12,12
Spring,2024_06_10,M7,Male,7,26,0,12,12
Spring,2024_06_10,M7,Male,7,27,0,12,12
Spring,2024_06_10,M7,Male,7,30,0,12,12
Spring,2024_06_10,M7,Male,7,34,0,12,12
Spring,2024_06_10,M7,Male,7,35,0,12,12
Spring,2024_06_10,M7,Male,7,38,0,12,12
Spring,2024_06_10,M7,Male,7,43,0,12,12
Spring,2024_06_10,M7,Male,7,44,0,12,12
Spring,2024_06_10,M7,Male,7,49,0,12,12
Spring,2024_06_10,M7,Male,7,51,0,12,12
Spring,2024_06_10,M7,Male,7,52,0,12,12
Spring,2024_06_10,M7,Male,7,54,0,12,12
Spring,2024_06_10,M7,Male,7,56,0,12,12
Spring,2024_06_10,M7,Male,7,59,0,12,12
Spring,2024_06_10,F8,Female,8,5,0,12,12
Spring,2024_06_10,F8,Female,8,10,0,12,12
Spring,2024_06_10,F8,Female,8,11,0,12,12
Spring,2024_06_10,F8,Female,8,13,0,12,12
Spring,2024_06_10,F8,Female,8,16,0,12,12
Spring,2024_06_10,F8,Female,8,19,0,12,12
Spring,2024_06_10,F8,Female,8,22,0,12,12
Spring,2024_06_10,F8,Female,8,26,0,12,12
Spring,2024_06_10,F8,Female,8,27,0,12,12
Spring,2024_06_10,F8,Female,8,31,0,12,12
Spring,2024_06_10,F8,Female,8,33,0,12,12
Spring,2024_06_10,F8,Female,8,35,0,12,12
Spring,2024_06_10,F8,Female,8,37,0,12,12
Spring,2024_06_10,F8,Female,8,39,0,12,12
Spring,2024_06_10,F8,Female,8,43,0,12,12
Spring,2024_06_10,F8,Female,8,47,0,12,12
Spring,2024_06_10,F8,Female,8,51,0,12,12
Spring,2024_06_10,F8,Female,8,53,0,12,12
Spring,2024_06_10,F8,Female,8,58,0,12,12
Spring,2024_06_10,F8,Female,8,59,0,12,12
Spring,2024_06_10,F8,Female,8,64,0,12,12
Spring,2024_06_10,F8,Female,8,66,0,12,12
Spring,2024_06_10,F8,Female,8,68,0,12,12
Spring,2024_06_10,F8,Female,8,73,0,12,12
Spring,2024_06_10,M8,Male,8,2,0,12,12
Spring,2024_06_10,M8,Male,8,5,0,12,12
Spring,2024_06_10,M8,Male,8,6,0,12,12
Spring,2024_06_10,M8,Male,8,10,0,12,12
Spring,2024_06_10,M8,Male,8,12,0,12,12
Spring,2024_06_10,M8,Male,8,17,0,12,12
Spring,2024_06_10,M8,Male,8,20,0,12,12
Spring,2024_06_10,M8,Male,8,21,0,12,12
Spring,2024_06_10,M8,Male,8,25,0,12,12
Spring,2024_06_10,M8,Male,8,27,0,12,12
Spring,2024_06_10,M8,Male,8,30,0,12,12
Spring,2024_06_10,M8,Male,8,32,0,12,12
Spring,2024_06_10,M8,Male,8,36,0,12,12
Spring,2024_06_10,M8,Male,8,37,0,12,12
Spring,2024_06_10,M8,Male,8,42,0,12,12
Spring,2024_06_10,M8,Male,8,47,0,12,12
Spring,2024_06_10,M8,Male,8,48,0,12,12
Spring,2024_06_10,M8,Male,8,51,0,12,12
Spring,2024_06_10,M8,Male,8,52,0,12,12
Spring,2024_06_10,M8,Male,8,56,0,12,12
Spring,2024_06_10,M8,Male,8,58,0,12,12
Spring,2024_06_10,M8,Male,8,62,0,12,12
Spring,2024_06_10,M8,Male,8,66,0,12,12
Spring,2024_06_10,M8,Male,8,71,0,12,12
Spring,2024_06_10,C3,Control,3,2,0,12,12
Spring,2024_06_10,C3,Control,3,6,0,12,12
Spring,2024_06_10,C3,Control,3,9,0,12,12
Spring,2024_06_10,C3,Control,3,10,0,12,12
Spring,2024_06_10,C3,Control,3,14,0,12,12
Spring,2024_06_10,C3,Control,3,15,0,12,12
Spring,2024_06_10,C3,Control,3,17,0,12,12
Spring,2024_06_10,C3,Control,3,18,0,12,12
Spring,2024_06_10,C3,Control,3,21,0,12,12
Spring,2024_06_10,C3,Control,3,24,0,12,12
Spring,2024_06_10,C3,Control,3,25,0,12,12
Spring,2024_06_10,C3,Control,3,26,0,12,12
Spring,2024_06_10,C3,Control,3,29,0,12,12
Spring,2024_06_10,C3,Control,3,34,0,12,12
Spring,2024_06_10,C3,Control,3,37,0,12,12
Spring,2024_06_10,C3,Control,3,41,0,12,12
Spring,2024_06_10,C3,Control,3,45,0,12,12
Spring,2024_06_10,C3,Control,3,48,0,12,12
Spring,2024_06_10,C3,Control,3,50,0,12,12
Spring,2024_06_10,C3,Control,3,52,0,12,12
Spring,2024_06_10,C3,Control,3,55,0,12,12
Spring,2024_06_10,C3,Control,3,60,0,12,12
Spring,2024_06_10,C3,Control,3,63,0,12,12
Spring,2024_06_10,C3,Control,3,64,0,12,12
Spring,2024_06_10,F9,Female,9,2,0,12,12
Spring,2024_06_10,F9,Female,9,4,0,12,12
Spring,2024_06_10,F9,Female,9,6,0,12,12
Spring,2024_06_10,F9,Female,9,8,0,12,12
Spring,2024_06_10,F9,Female,9,12,0,12,12
Spring,2024_06_10,F9,Female,9,16,0,12,12
Spring,2024_06_10,F9,Female,9,18,0,12,12
Spring,2024_06_10,F9,Female,9,19,0,12,12
Spring,2024_06_10,F9,Female,9,22,0,12,12
Spring,2024_06_10,F9,Female,9,24,0,12,12
Spring,2024_06_10,F9,Female,9,28,0,12,12
Spring,2024_06_10,F9,Female,9,33,0,12,12
Spring,2024_06_10,F9,Female,9,35,0,12,12
Spring,2024_06_10,F9,Female,9,38,0,12,12
Spring,2024_06_10,F9,Female,9,42,0,12,12
Spring,2024_06_10,F9,Female,9,44,0,12,12
Spring,2024_06_10,F9,Female,9,45,0,12,12
Spring,2024_06_10,F9,Female,9,49,0,12,12
Spring,2024_06_10,F9,Female,9,51,0,12,12
Spring,2024_06_10,F9,Female,9,52,0,12,12
Spring,2024_06_10,F9,Female,9,57,0,12,12
Spring,2024_06_10,F9,Female,9,58,0,12,12
Spring,2024_06_10,F9,Female,9,59,0,12,12
Spring,2024_06_10,F9,Female,9,63,0,12,12
Spring,2024_06_10,M9,Male,9,1,0,12,12
Spring,2024_06_10,M9,Male,9,2,0,12,12
Spring,2024_06_10,M9,Male,9,7,0,12,12
Spring,2024_06_10,M9,Male,9,11,0,12,12
Spring,2024_06_10,M9,Male,9,14,0,12,12
Spring,2024_06_10,M9,Male,9,19,0,12,12
Spring,2024_06_10,M9,Male,9,23,0,12,12
Spring,2024_06_10,M9,Male,9,27,0,12,12
Spring,2024_06_10,M9,Male,9,30,0,12,12
Spring,2024_06_10,M9,Male,9,35,0,12,12
Spring,2024_06_10,M9,Male,9,40,0,12,12
Spring,2024_06_10,M9,Male,9,44,0,12,12
Spring,2024_06_10,M9,Male,9,46,0,12,12
Spring,2024_06_10,M9,Male,9,46,0,12,12
Spring,2024_06_10,M9,Male,9,51,0,12,12
Spring,2024_06_10,M9,Male,9,56,0,12,12
Spring,2024_06_10,M9,Male,9,58,0,12,12
Spring,2024_06_10,M9,Male,9,62,0,12,12
Spring,2024_06_10,M9,Male,9,63,0,12,12
Spring,2024_06_10,M9,Male,9,67,0,12,12
Spring,2024_06_10,M9,Male,9,72,0,12,12
Spring,2024_06_10,M9,Male,9,76,0,12,12
Spring,2024_06_10,M9,Male,9,81,0,12,12
Spring,2024_06_10,M9,Male,9,85,0,12,12
Spring,2024_06_10,M9,Male,9,88,0,12,12
Spring,2024_06_10,F10,Female,10,2,0,12,12
Spring,2024_06_10,F10,Female,10,5,0,12,12
Spring,2024_06_10,F10,Female,10,8,0,12,12
Spring,2024_06_10,F10,Female,10,12,0,12,12
Spring,2024_06_10,F10,Female,10,15,0,12,12
Spring,2024_06_10,F10,Female,10,18,0,12,12
Spring,2024_06_10,F10,Female,10,19,0,12,12
Spring,2024_06_10,F10,Female,10,20,0,12,12
Spring,2024_06_10,F10,Female,10,22,0,12,12
Spring,2024_06_10,F10,Female,10,27,0,12,12
Spring,2024_06_10,F10,Female,10,32,0,12,12
Spring,2024_06_10,F10,Female,10,33,0,12,12
Spring,2024_06_10,F10,Female,10,37,0,12,12
Spring,2024_06_10,F10,Female,10,38,0,12,12
Spring,2024_06_10,F10,Female,10,33,0,12,12
Spring,2024_06_10,F10,Female,10,38,0,12,12
Spring,2024_06_10,F10,Female,10,43,0,12,12
Spring,2024_06_10,F10,Female,10,47,0,12,12
Spring,2024_06_10,F10,Female,10,52,0,12,12
Spring,2024_06_10,F10,Female,10,55,0,12,12
Spring,2024_06_10,F10,Female,10,58,0,12,12
Spring,2024_06_10,F10,Female,10,59,0,12,12
Spring,2024_06_10,F10,Female,10,64,0,12,12
Spring,2024_06_10,F10,Female,10,65,0,12,12
Spring,2024_06_10,M10,Male,10,2,0,12,12
Spring,2024_06_10,M10,Male,10,5,0,12,12
Spring,2024_06_10,M10,Male,10,7,0,12,12
Spring,2024_06_10,M10,Male,10,8,0,12,12
Spring,2024_06_10,M10,Male,10,12,0,12,12
Spring,2024_06_10,M10,Male,10,14,0,12,12
Spring,2024_06_10,M10,Male,10,16,0,12,12
Spring,2024_06_10,M10,Male,10,20,0,12,12
Spring,2024_06_10,M10,Male,10,21,0,12,12
Spring,2024_06_10,M10,Male,10,26,0,12,12
Spring,2024_06_10,M10,Male,10,27,0,12,12
Spring,2024_06_10,M10,Male,10,29,0,12,12
Spring,2024_06_10,M10,Male,10,34,0,12,12
Spring,2024_06_10,M10,Male,10,36,0,12,12
Spring,2024_06_10,M10,Male,10,40,0,12,12
Spring,2024_06_10,M10,Male,10,42,0,12,12
Spring,2024_06_10,M10,Male,10,44,0,12,12
Spring,2024_06_10,M10,Male,10,46,0,12,12
Spring,2024_06_10,M10,Male,10,47,0,12,12
Spring,2024_06_10,M10,Male,10,50,0,12,12
Spring,2024_06_10,M10,Male,10,55,0,12,12
Spring,2024_06_10,M10,Male,10,57,0,12,12
Spring,2024_06_10,M10,Male,10,58,0,12,12
Spring,2024_06_10,M10,Male,10,61,0,12,12
Spring,2024_06_10,C4,Control,4,2,0,12,12
Spring,2024_06_10,C4,Control,4,7,0,12,12
Spring,2024_06_10,C4,Control,4,9,0,12,12
Spring,2024_06_10,C4,Control,4,12,0,12,12
Spring,2024_06_10,C4,Control,4,13,0,12,12
Spring,2024_06_10,C4,Control,4,15,0,12,12
Spring,2024_06_10,C4,Control,4,16,0,12,12
Spring,2024_06_10,C4,Control,4,18,0,12,12
Spring,2024_06_10,C4,Control,4,23,0,12,12
Spring,2024_06_10,C4,Control,4,28,0,12,12
Spring,2024_06_10,C4,Control,4,30,0,12,12
Spring,2024_06_10,C4,Control,4,31,0,12,12
Spring,2024_06_10,C4,Control,4,34,0,12,12
Spring,2024_06_10,C4,Control,4,36,0,12,12
Spring,2024_06_10,C4,Control,4,37,0,12,12
Spring,2024_06_10,C4,Control,4,40,0,12,12
Spring,2024_06_10,C4,Control,4,43,0,12,12
Spring,2024_06_10,C4,Control,4,46,0,12,12
Spring,2024_06_10,C4,Control,4,50,0,12,12
Spring,2024_06_10,C4,Control,4,55,0,12,12
Spring,2024_06_10,C4,Control,4,59,0,12,12
Spring,2024_06_10,C4,Control,4,62,0,12,12
Spring,2024_06_10,C4,Control,4,66,0,12,12
Spring,2024_06_10,C4,Control,4,67,0,12,12
Spring,2024_06_24,F1,Female,1,2,0,12,12
Spring,2024_06_24,F1,Female,1,7,0,12,12
Spring,2024_06_24,F1,Female,1,13,0,12,12
Spring,2024_06_24,F1,Female,1,19,0,12,12
Spring,2024_06_24,F1,Female,1,25,0,12,12
Spring,2024_06_24,F1,Female,1,27,0,12,12
Spring,2024_06_24,F1,Female,1,34,0,12,12
Spring,2024_06_24,F1,Female,1,38,0,12,12
Spring,2024_06_24,F1,Female,1,41,0,12,12
Spring,2024_06_24,F1,Female,1,46,0,12,12
Spring,2024_06_24,F1,Female,1,55,0,12,12
Spring,2024_06_24,F1,Female,1,56,0,12,12
Spring,2024_06_24,F1,Female,1,63,0,12,12
Spring,2024_06_24,F1,Female,1,65,0,12,12
Spring,2024_06_24,F1,Female,1,72,0,12,12
Spring,2024_06_24,F1,Female,1,75,0,12,12
Spring,2024_06_24,F1,Female,1,81,0,12,12
Spring,2024_06_24,F1,Female,1,85,0,12,12
Spring,2024_06_24,F1,Female,1,94,0,12,12
Spring,2024_06_24,F1,Female,1,97,0,12,12
Spring,2024_06_24,F1,Female,1,104,0,12,12
Spring,2024_06_24,F1,Female,1,110,0,12,12
Spring,2024_06_24,F1,Female,1,116,0,12,12
Spring,2024_06_24,M1,Male,1,2,0,10,10
Spring,2024_06_24,M1,Male,1,9,182,10,10
Spring,2024_06_24,M1,Male,1,11,0,10,10
Spring,2024_06_24,M1,Male,1,18,197,10,10
Spring,2024_06_24,M1,Male,1,21,59,10,10
Spring,2024_06_24,M1,Male,1,27,0,10,10
Spring,2024_06_24,M1,Male,1,30,305,10,10
Spring,2024_06_24,M1,Male,1,34,0,10,10
Spring,2024_06_24,M1,Male,1,42,315,10,10
Spring,2024_06_24,M1,Male,1,49,0,10,10
Spring,2024_06_24,M1,Male,1,51,25,10,10
Spring,2024_06_24,M1,Male,1,55,297,10,10
Spring,2024_06_24,M1,Male,1,65,154,10,10
Spring,2024_06_24,M1,Male,1,74,232,10,10
Spring,2024_06_24,M1,Male,1,79,0,10,10
Spring,2024_06_24,M1,Male,1,80,0,10,10
Spring,2024_06_24,M1,Male,1,85,255,10,10
Spring,2024_06_24,M1,Male,1,86,293,10,10
Spring,2024_06_24,M1,Male,1,95,0,10,10
Spring,2024_06_24,M1,Male,1,99,428,10,10
Spring,2024_06_24,M1,Male,1,104,0,10,10
Spring,2024_06_24,M1,Male,1,105,0,10,10
Spring,2024_06_24,M1,Male,1,114,0,10,10
Spring,2024_06_24,M1,Male,1,120,0,10,10
Spring,2024_06_24,F2,Female,2,2,0,12,12
Spring,2024_06_24,F2,Female,2,6,0,12,12
Spring,2024_06_24,F2,Female,2,12,0,12,12
Spring,2024_06_24,F2,Female,2,19,0,12,12
Spring,2024_06_24,F2,Female,2,23,0,12,12
Spring,2024_06_24,F2,Female,2,29,0,12,12
Spring,2024_06_24,F2,Female,2,32,0,12,12
Spring,2024_06_24,F2,Female,2,36,0,12,12
Spring,2024_06_24,F2,Female,2,42,0,12,12
Spring,2024_06_24,F2,Female,2,46,0,12,12
Spring,2024_06_24,F2,Female,2,51,0,12,12
Spring,2024_06_24,F2,Female,2,59,0,12,12
Spring,2024_06_24,F2,Female,2,62,0,12,12
Spring,2024_06_24,F2,Female,2,69,0,12,12
Spring,2024_06_24,F2,Female,2,73,0,12,12
Spring,2024_06_24,F2,Female,2,78,0,12,12
Spring,2024_06_24,F2,Female,2,82,0,12,12
Spring,2024_06_24,F2,Female,2,85,0,12,12
Spring,2024_06_24,F2,Female,2,91,0,12,12
Spring,2024_06_24,F2,Female,2,95,0,12,12
Spring,2024_06_24,F2,Female,2,102,0,12,12
Spring,2024_06_24,F2,Female,2,109,0,12,12
Spring,2024_06_24,F2,Female,2,112,0,12,12
Spring,2024_06_24,F2,Female,2,118,0,12,12
Spring,2024_06_24,M2,Male,2,4,0,12,12
Spring,2024_06_24,M2,Male,2,10,0,12,12
Spring,2024_06_24,M2,Male,2,15,0,12,12
Spring,2024_06_24,M2,Male,2,20,0,12,12
Spring,2024_06_24,M2,Male,2,25,0,12,12
Spring,2024_06_24,M2,Male,2,29,0,12,12
Spring,2024_06_24,M2,Male,2,32,0,12,12
Spring,2024_06_24,M2,Male,2,38,0,12,12
Spring,2024_06_24,M2,Male,2,42,0,12,12
Spring,2024_06_24,M2,Male,2,45,0,12,12
Spring,2024_06_24,M2,Male,2,51,0,12,12
Spring,2024_06_24,M2,Male,2,55,0,12,12
Spring,2024_06_24,M2,Male,2,62,0,12,12
Spring,2024_06_24,M2,Male,2,70,0,12,12
Spring,2024_06_24,M2,Male,2,75,0,12,12
Spring,2024_06_24,M2,Male,2,76,0,12,12
Spring,2024_06_24,M2,Male,2,81,0,12,12
Spring,2024_06_24,M2,Male,2,87,0,12,12
Spring,2024_06_24,M2,Male,2,94,0,12,12
Spring,2024_06_24,M2,Male,2,97,0,12,12
Spring,2024_06_24,M2,Male,2,100,0,12,12
Spring,2024_06_24,M2,Male,2,107,0,12,12
Spring,2024_06_24,M2,Male,2,110,0,12,12
Spring,2024_06_24,M2,Male,2,115,0,12,12
Spring,2024_06_24,F3,Female,3,4,0,10,10
Spring,2024_06_24,F3,Female,3,5,0,10,10
Spring,2024_06_24,F3,Female,3,10,0,10,10
Spring,2024_06_24,F3,Female,3,17,0,10,10
Spring,2024_06_24,F3,Female,3,25,0,10,10
Spring,2024_06_24,F3,Female,3,30,165,10,10
Spring,2024_06_24,F3,Female,3,31,0,10,10
Spring,2024_06_24,F3,Female,3,35,0,10,10
Spring,2024_06_24,F3,Female,3,42,0,10,10
Spring,2024_06_24,F3,Female,3,48,0,10,10
Spring,2024_06_24,F3,Female,3,50,0,10,10
Spring,2024_06_24,F3,Female,3,59,0,10,10
Spring,2024_06_24,F3,Female,3,61,0,10,10
Spring,2024_06_24,F3,Female,3,70,142,10,10
Spring,2024_06_24,F3,Female,3,72,0,10,10
Spring,2024_06_24,F3,Female,3,80,0,10,10
Spring,2024_06_24,F3,Female,3,85,137,10,10
Spring,2024_06_24,F3,Female,3,88,0,10,10
Spring,2024_06_24,F3,Female,3,92,135,10,10
Spring,2024_06_24,F3,Female,3,97,0,10,10
Spring,2024_06_24,F3,Female,3,105,0,10,10
Spring,2024_06_24,F3,Female,3,109,0,10,10
Spring,2024_06_24,F3,Female,3,110,0,10,10
Spring,2024_06_24,F3,Female,3,120,0,10,10
Spring,2024_06_24,M3,Male,3,2,0,12,12
Spring,2024_06_24,M3,Male,3,10,0,12,12
Spring,2024_06_24,M3,Male,3,12,0,12,12
Spring,2024_06_24,M3,Male,3,17,0,12,12
Spring,2024_06_24,M3,Male,3,21,0,12,12
Spring,2024_06_24,M3,Male,3,30,0,12,12
Spring,2024_06_24,M3,Male,3,34,0,12,12
Spring,2024_06_24,M3,Male,3,40,0,12,12
Spring,2024_06_24,M3,Male,3,41,0,12,12
Spring,2024_06_24,M3,Male,3,45,0,12,12
Spring,2024_06_24,M3,Male,3,51,0,12,12
Spring,2024_06_24,M3,Male,3,59,0,12,12
Spring,2024_06_24,M3,Male,3,62,0,12,12
Spring,2024_06_24,M3,Male,3,65,0,12,12
Spring,2024_06_24,M3,Male,3,74,0,12,12
Spring,2024_06_24,M3,Male,3,77,0,12,12
Spring,2024_06_24,M3,Male,3,81,0,12,12
Spring,2024_06_24,M3,Male,3,86,0,12,12
Spring,2024_06_24,M3,Male,3,93,0,12,12
Spring,2024_06_24,M3,Male,3,100,0,12,12
Spring,2024_06_24,M3,Male,3,103,0,12,12
Spring,2024_06_24,M3,Male,3,106,0,12,12
Spring,2024_06_24,M3,Male,3,111,0,12,12
Spring,2024_06_24,M3,Male,3,119,0,12,12
Spring,2024_06_24,F4,Female,4,5,0,12,12
Spring,2024_06_24,F4,Female,4,6,0,12,12
Spring,2024_06_24,F4,Female,4,15,0,12,12
Spring,2024_06_24,F4,Female,4,19,0,12,12
Spring,2024_06_24,F4,Female,4,22,0,12,12
Spring,2024_06_24,F4,Female,4,30,0,12,12
Spring,2024_06_24,F4,Female,4,31,0,12,12
Spring,2024_06_24,F4,Female,4,37,0,12,12
Spring,2024_06_24,F4,Female,4,44,0,12,12
Spring,2024_06_24,F4,Female,4,48,0,12,12
Spring,2024_06_24,F4,Female,4,51,0,12,12
Spring,2024_06_24,F4,Female,4,57,0,12,12
Spring,2024_06_24,F4,Female,4,60,0,12,12
Spring,2024_06_24,F4,Female,4,68,0,12,12
Spring,2024_06_24,F4,Female,4,71,0,12,12
Spring,2024_06_24,F4,Female,4,80,0,12,12
Spring,2024_06_24,F4,Female,4,81,0,12,12
Spring,2024_06_24,F4,Female,4,88,0,12,12
Spring,2024_06_24,F4,Female,4,91,0,12,12
Spring,2024_06_24,F4,Female,4,100,0,12,12
Spring,2024_06_24,F4,Female,4,103,0,12,12
Spring,2024_06_24,F4,Female,4,107,0,12,12
Spring,2024_06_24,F4,Female,4,112,0,12,12
Spring,2024_06_24,F4,Female,4,120,0,12,12
Spring,2024_06_24,M4,Male,4,3,0,8,8
Spring,2024_06_24,M4,Male,4,7,433,8,8
Spring,2024_06_24,M4,Male,4,12,287,8,8
Spring,2024_06_24,M4,Male,4,18,223,8,8
Spring,2024_06_24,M4,Male,4,21,177,8,8
Spring,2024_06_24,M4,Male,4,29,437,8,8
Spring,2024_06_24,M4,Male,4,35,189,8,8
Spring,2024_06_24,M4,Male,4,39,303,8,8
Spring,2024_06_24,M4,Male,4,41,0,8,8
Spring,2024_06_24,M4,Male,4,47,358,8,8
Spring,2024_06_24,M4,Male,4,50,280,8,8
Spring,2024_06_24,M4,Male,4,59,117,8,8
Spring,2024_06_24,M4,Male,4,64,58,8,8
Spring,2024_06_24,M4,Male,4,69,485,8,8
Spring,2024_06_24,M4,Male,4,74,113,8,8
Spring,2024_06_24,M4,Male,4,75,0,8,8
Spring,2024_06_24,M4,Male,4,82,464,8,8
Spring,2024_06_24,M4,Male,4,89,225,8,8
Spring,2024_06_24,M4,Male,4,91,0,8,8
Spring,2024_06_24,M4,Male,4,97,272,8,8
Spring,2024_06_24,M4,Male,4,102,0,8,8
Spring,2024_06_24,M4,Male,4,106,232,8,8
Spring,2024_06_24,M4,Male,4,114,0,8,8
Spring,2024_06_24,M4,Male,4,118,127,8,8
Spring,2024_06_24,F5,Female,5,3,0,12,12
Spring,2024_06_24,F5,Female,5,8,0,12,12
Spring,2024_06_24,F5,Female,5,11,0,12,12
Spring,2024_06_24,F5,Female,5,18,0,12,12
Spring,2024_06_24,F5,Female,5,21,0,12,12
Spring,2024_06_24,F5,Female,5,28,0,12,12
Spring,2024_06_24,F5,Female,5,35,0,12,12
Spring,2024_06_24,F5,Female,5,36,0,12,12
Spring,2024_06_24,F5,Female,5,41,0,12,12
Spring,2024_06_24,F5,Female,5,48,0,12,12
Spring,2024_06_24,F5,Female,5,52,0,12,12
Spring,2024_06_24,F5,Female,5,57,0,12,12
Spring,2024_06_24,F5,Female,5,61,0,12,12
Spring,2024_06_24,F5,Female,5,66,0,12,12
Spring,2024_06_24,F5,Female,5,72,0,12,12
Spring,2024_06_24,F5,Female,5,76,0,12,12
Spring,2024_06_24,F5,Female,5,83,0,12,12
Spring,2024_06_24,F5,Female,5,88,0,12,12
Spring,2024_06_24,F5,Female,5,94,0,12,12
Spring,2024_06_24,F5,Female,5,99,0,12,12
Spring,2024_06_24,F5,Female,5,101,0,12,12
Spring,2024_06_24,F5,Female,5,109,0,12,12
Spring,2024_06_24,F5,Female,5,111,0,12,12
Spring,2024_06_24,F5,Female,5,116,0,12,12
Spring,2024_06_24,M5,Male,5,2,182,6,6
Spring,2024_06_24,M5,Male,5,6,0,6,6
Spring,2024_06_24,M5,Male,5,12,0,6,6
Spring,2024_06_24,M5,Male,5,17,190,6,6
Spring,2024_06_24,M5,Male,5,24,761,6,6
Spring,2024_06_24,M5,Male,5,27,227,6,6
Spring,2024_06_24,M5,Male,5,31,0,6,6
Spring,2024_06_24,M5,Male,5,38,187,6,6
Spring,2024_06_24,M5,Male,5,44,0,6,6
Spring,2024_06_24,M5,Male,5,46,0,6,6
Spring,2024_06_24,M5,Male,5,54,157,6,6
Spring,2024_06_24,M5,Male,5,60,225,6,6
Spring,2024_06_24,M5,Male,5,63,187,6,6
Spring,2024_06_24,M5,Male,5,69,203,6,6
Spring,2024_06_24,M5,Male,5,72,288,6,6
Spring,2024_06_24,M5,Male,5,78,156,6,6
Spring,2024_06_24,M5,Male,5,83,181,6,6
Spring,2024_06_24,M5,Male,5,87,133,6,6
Spring,2024_06_24,M5,Male,5,95,436,6,6
Spring,2024_06_24,M5,Male,5,100,246,6,6
Spring,2024_06_24,M5,Male,5,101,165,6,6
Spring,2024_06_24,M5,Male,5,108,150,6,6
Spring,2024_06_24,M5,Male,5,113,143,6,6
Spring,2024_06_24,M5,Male,5,118,176,6,6
Spring,2024_06_24,F6,Female,6,1,218,10,10
Spring,2024_06_24,F6,Female,6,7,0,10,10
Spring,2024_06_24,F6,Female,6,15,256,10,10
Spring,2024_06_24,F6,Female,6,16,218,10,10
Spring,2024_06_24,F6,Female,6,25,0,10,10
Spring,2024_06_24,F6,Female,6,26,186,10,10
Spring,2024_06_24,F6,Female,6,32,0,10,10
Spring,2024_06_24,F6,Female,6,36,207,10,10
Spring,2024_06_24,F6,Female,6,42,0,10,10
Spring,2024_06_24,F6,Female,6,49,177,10,10
Spring,2024_06_24,F6,Female,6,55,0,10,10
Spring,2024_06_24,F6,Female,6,57,0,10,10
Spring,2024_06_24,F6,Female,6,64,126,10,10
Spring,2024_06_24,F6,Female,6,70,0,10,10
Spring,2024_06_24,F6,Female,6,74,0,10,10
Spring,2024_06_24,F6,Female,6,79,252,10,10
Spring,2024_06_24,F6,Female,6,81,477,10,10
Spring,2024_06_24,F6,Female,6,89,0,10,10
Spring,2024_06_24,F6,Female,6,92,350,10,10
Spring,2024_06_24,F6,Female,6,96,0,10,10
Spring,2024_06_24,F6,Female,6,103,206,10,10
Spring,2024_06_24,F6,Female,6,107,0,10,10
Spring,2024_06_24,F6,Female,6,114,0,10,10
Spring,2024_06_24,F6,Female,6,119,0,10,10
Spring,2024_06_24,M6,Male,6,4,397,6,6
Spring,2024_06_24,M6,Male,6,9,215,6,6
Spring,2024_06_24,M6,Male,6,14,324,6,6
Spring,2024_06_24,M6,Male,6,16,503,6,6
Spring,2024_06_24,M6,Male,6,21,200,6,6
Spring,2024_06_24,M6,Male,6,26,477,6,6
Spring,2024_06_24,M6,Male,6,31,268,6,6
Spring,2024_06_24,M6,Male,6,40,326,6,6
Spring,2024_06_24,M6,Male,6,43,318,6,6
Spring,2024_06_24,M6,Male,6,47,524,6,6
Spring,2024_06_24,M6,Male,6,51,355,6,6
Spring,2024_06_24,M6,Male,6,56,690,6,6
Spring,2024_06_24,M6,Male,6,62,0,6,6
Spring,2024_06_24,M6,Male,6,68,258,6,6
Spring,2024_06_24,M6,Male,6,73,360,6,6
Spring,2024_06_24,M6,Male,6,80,377,6,6
Spring,2024_06_24,M6,Male,6,85,511,6,6
Spring,2024_06_24,M6,Male,6,90,528,6,6
Spring,2024_06_24,M6,Male,6,91,586,6,6
Spring,2024_06_24,M6,Male,6,98,445,6,6
Spring,2024_06_24,M6,Male,6,105,382,6,6
Spring,2024_06_24,M6,Male,6,106,592,6,6
Spring,2024_06_24,M6,Male,6,112,255,6,6
Spring,2024_06_24,M6,Male,6,120,62,6,6
Spring,2024_06_24,C1,Control,1,5,232,12,12
Spring,2024_06_24,C1,Control,1,10,780,12,12
Spring,2024_06_24,C1,Control,1,14,150,12,12
Spring,2024_06_24,C1,Control,1,19,605,12,12
Spring,2024_06_24,C1,Control,1,22,408,12,12
Spring,2024_06_24,C1,Control,1,29,353,12,12
Spring,2024_06_24,C1,Control,1,34,0,12,12
Spring,2024_06_24,C1,Control,1,36,0,12,12
Spring,2024_06_24,C1,Control,1,41,305,12,12
Spring,2024_06_24,C1,Control,1,45,0,12,12
Spring,2024_06_24,C1,Control,1,52,319,12,12
Spring,2024_06_24,C1,Control,1,58,123,12,12
Spring,2024_06_24,C1,Control,1,61,0,12,12
Spring,2024_06_24,C1,Control,1,66,344,12,12
Spring,2024_06_24,C1,Control,1,71,0,12,12
Spring,2024_06_24,C1,Control,1,78,0,12,12
Spring,2024_06_24,C1,Control,1,84,274,12,12
Spring,2024_06_24,C1,Control,1,86,367,12,12
Spring,2024_06_24,C1,Control,1,92,0,12,12
Spring,2024_06_24,C1,Control,1,96,267,12,12
Spring,2024_06_24,C1,Control,1,104,159,12,12
Spring,2024_06_24,C1,Control,1,110,440,12,12
Spring,2024_06_24,C1,Control,1,115,136,12,12
Spring,2024_06_24,C1,Control,1,117,0,12,12
Spring,2024_06_24,F7,Female,7,4,0,12,12
Spring,2024_06_24,F7,Female,7,8,0,12,12
Spring,2024_06_24,F7,Female,7,12,0,12,12
Spring,2024_06_24,F7,Female,7,16,0,12,12
Spring,2024_06_24,F7,Female,7,20,0,12,12
Spring,2024_06_24,F7,Female,7,29,0,12,12
Spring,2024_06_24,F7,Female,7,33,0,12,12
Spring,2024_06_24,F7,Female,7,35,0,12,12
Spring,2024_06_24,F7,Female,7,42,0,12,12
Spring,2024_06_24,F7,Female,7,50,0,12,12
Spring,2024_06_24,F7,Female,7,55,0,12,12
Spring,2024_06_24,F7,Female,7,56,0,12,12
Spring,2024_06_24,F7,Female,7,64,0,12,12
Spring,2024_06_24,F7,Female,7,66,0,12,12
Spring,2024_06_24,F7,Female,7,71,0,12,12
Spring,2024_06_24,F7,Female,7,75,0,12,12
Spring,2024_06_24,F7,Female,7,86,0,12,12
Spring,2024_06_24,F7,Female,7,89,0,12,12
Spring,2024_06_24,F7,Female,7,82,0,12,12
Spring,2024_06_24,F7,Female,7,98,0,12,12
Spring,2024_06_24,F7,Female,7,100,0,12,12
Spring,2024_06_24,F7,Female,7,107,0,12,12
Spring,2024_06_24,F7,Female,7,114,0,12,12
Spring,2024_06_24,F7,Female,7,120,0,12,12
Spring,2024_06_24,F8,Female,8,3,0,12,12
Spring,2024_06_24,F8,Female,8,7,0,12,12
Spring,2024_06_24,F8,Female,8,12,0,12,12
Spring,2024_06_24,F8,Female,8,118,0,12,12
Spring,2024_06_24,F8,Female,8,23,0,12,12
Spring,2024_06_24,F8,Female,8,29,0,12,12
Spring,2024_06_24,F8,Female,8,33,0,12,12
Spring,2024_06_24,F8,Female,8,37,0,12,12
Spring,2024_06_24,F8,Female,8,43,0,12,12
Spring,2024_06_24,F8,Female,8,49,0,12,12
Spring,2024_06_24,F8,Female,8,53,0,12,12
Spring,2024_06_24,F8,Female,8,57,0,12,12
Spring,2024_06_24,F8,Female,8,64,0,12,12
Spring,2024_06_24,F8,Female,8,67,0,12,12
Spring,2024_06_24,F8,Female,8,73,0,12,12
Spring,2024_06_24,F8,Female,8,77,0,12,12
Spring,2024_06_24,F8,Female,8,83,0,12,12
Spring,2024_06_24,F8,Female,8,86,0,12,12
Spring,2024_06_24,F8,Female,8,91,0,12,12
Spring,2024_06_24,F8,Female,8,97,0,12,12
Spring,2024_06_24,F8,Female,8,100,0,12,12
Spring,2024_06_24,F8,Female,8,105,0,12,12
Spring,2024_06_24,F8,Female,8,111,0,12,12
Spring,2024_06_24,F8,Female,8,117,0,12,12
Spring,2024_06_24,M8,Male,8,2,0,12,12
Spring,2024_06_24,M8,Male,8,8,0,12,12
Spring,2024_06_24,M8,Male,8,14,0,12,12
Spring,2024_06_24,M8,Male,8,17,0,12,12
Spring,2024_06_24,M8,Male,8,22,0,12,12
Spring,2024_06_24,M8,Male,8,27,0,12,12
Spring,2024_06_24,M8,Male,8,33,0,12,12
Spring,2024_06_24,M8,Male,8,37,0,12,12
Spring,2024_06_24,M8,Male,8,43,0,12,12
Spring,2024_06_24,M8,Male,8,47,0,12,12
Spring,2024_06_24,M8,Male,8,53,0,12,12
Spring,2024_06_24,M8,Male,8,56,0,12,12
Spring,2024_06_24,M8,Male,8,63,0,12,12
Spring,2024_06_24,M8,Male,8,66,0,12,12
Spring,2024_06_24,M8,Male,8,73,0,12,12
Spring,2024_06_24,M8,Male,8,76,0,12,12
Spring,2024_06_24,M8,Male,8,82,0,12,12
Spring,2024_06_24,M8,Male,8,85,0,12,12
Spring,2024_06_24,M8,Male,8,94,0,12,12
Spring,2024_06_24,M8,Male,8,97,0,12,12
Spring,2024_06_24,M8,Male,8,103,0,12,12
Spring,2024_06_24,M8,Male,8,107,0,12,12
Spring,2024_06_24,M8,Male,8,114,0,12,12
Spring,2024_06_24,M8,Male,8,118,0,12,12
Spring,2024_06_24,M9,Male,9,2,239,11,11
Spring,2024_06_24,M9,Male,9,9,0,11,11
Spring,2024_06_24,M9,Male,9,12,0,11,11
Spring,2024_06_24,M9,Male,9,18,0,11,11
Spring,2024_06_24,M9,Male,9,22,0,11,11
Spring,2024_06_24,M9,Male,9,27,0,11,11
Spring,2024_06_24,M9,Male,9,33,0,11,11
Spring,2024_06_24,M9,Male,9,38,0,11,11
Spring,2024_06_24,M9,Male,9,42,0,11,11
Spring,2024_06_24,M9,Male,9,47,0,11,11
Spring,2024_06_24,M9,Male,9,52,0,11,11
Spring,2024_06_24,M9,Male,9,60,0,11,11
Spring,2024_06_24,M9,Male,9,62,0,11,11
Spring,2024_06_24,M9,Male,9,66,0,11,11
Spring,2024_06_24,M9,Male,9,71,0,11,11
Spring,2024_06_24,M9,Male,9,76,0,11,11
Spring,2024_06_24,M9,Male,9,81,0,11,11
Spring,2024_06_24,M9,Male,9,86,0,11,11
Spring,2024_06_24,M9,Male,9,92,0,11,11
Spring,2024_06_24,M9,Male,9,96,0,11,11
Spring,2024_06_24,M9,Male,9,102,0,11,11
Spring,2024_06_24,M9,Male,9,106,0,11,11
Spring,2024_06_24,M9,Male,9,114,0,11,11
Spring,2024_06_24,M9,Male,9,116,0,11,11
Spring,2024_06_24,F10,Female,10,1,0,12,12
Spring,2024_06_24,F10,Female,10,10,0,12,12
Spring,2024_06_24,F10,Female,10,14,0,12,12
Spring,2024_06_24,F10,Female,10,16,0,12,12
Spring,2024_06_24,F10,Female,10,24,0,12,12
Spring,2024_06_24,F10,Female,10,29,0,12,12
Spring,2024_06_24,F10,Female,10,31,0,12,12
Spring,2024_06_24,F10,Female,10,37,0,12,12
Spring,2024_06_24,F10,Female,10,41,0,12,12
Spring,2024_06_24,F10,Female,10,46,0,12,12
Spring,2024_06_24,F10,Female,10,51,0,12,12
Spring,2024_06_24,F10,Female,10,56,0,12,12
Spring,2024_06_24,F10,Female,10,60,0,12,12
Spring,2024_06_24,F10,Female,10,65,0,12,12
Spring,2024_06_24,F10,Female,10,72,0,12,12
Spring,2024_06_24,F10,Female,10,78,0,12,12
Spring,2024_06_24,F10,Female,10,84,0,12,12
Spring,2024_06_24,F10,Female,10,88,0,12,12
Spring,2024_06_24,F10,Female,10,91,0,12,12
Spring,2024_06_24,F10,Female,10,97,0,12,12
Spring,2024_06_24,F10,Female,10,101,0,12,12
Spring,2024_06_24,F10,Female,10,107,0,12,12
Spring,2024_06_24,F10,Female,10,113,0,12,12
Spring,2024_06_24,F10,Female,10,119,0,12,12
Spring,2024_06_24,M10,Male,10,4,0,12,12
Spring,2024_06_24,M10,Male,10,7,0,12,12
Spring,2024_06_24,M10,Male,10,13,0,12,12
Spring,2024_06_24,M10,Male,10,18,0,12,12
Spring,2024_06_24,M10,Male,10,23,0,12,12
Spring,2024_06_24,M10,Male,10,30,0,12,12
Spring,2024_06_24,M10,Male,10,34,0,12,12
Spring,2024_06_24,M10,Male,10,40,0,12,12
Spring,2024_06_24,M10,Male,10,44,0,12,12
Spring,2024_06_24,M10,Male,10,48,0,12,12
Spring,2024_06_24,M10,Male,10,53,0,12,12
Spring,2024_06_24,M10,Male,10,59,0,12,12
Spring,2024_06_24,M10,Male,10,65,0,12,12
Spring,2024_06_24,M10,Male,10,70,0,12,12
Spring,2024_06_24,M10,Male,10,73,0,12,12
Spring,2024_06_24,M10,Male,10,79,0,12,12
Spring,2024_06_24,M10,Male,10,83,0,12,12
Spring,2024_06_24,M10,Male,10,89,0,12,12
Spring,2024_06_24,M10,Male,10,94,0,12,12
Spring,2024_06_24,M10,Male,10,98,0,12,12
Spring,2024_06_24,M10,Male,10,100,0,12,12
Spring,2024_06_24,M10,Male,10,106,0,12,12
Spring,2024_06_24,M10,Male,10,113,0,12,12
Spring,2024_06_24,M10,Male,10,118,0,12,12
Spring,2024_06_24,C2,Control,2,3,423,12,12
Spring,2024_06_24,C2,Control,2,8,0,12,12
Spring,2024_06_24,C2,Control,2,11,0,12,12
Spring,2024_06_24,C2,Control,2,17,435,12,12
Spring,2024_06_24,C2,Control,2,20,269,12,12
Spring,2024_06_24,C2,Control,2,27,513,12,12
Spring,2024_06_24,C2,Control,2,33,535,12,12
Spring,2024_06_24,C2,Control,2,39,448,12,12
Spring,2024_06_24,C2,Control,2,43,506,12,12
Spring,2024_06_24,C2,Control,2,50,821,12,12
Spring,2024_06_24,C2,Control,2,52,0,12,12
Spring,2024_06_24,C2,Control,2,57,0,12,12
Spring,2024_06_24,C2,Control,2,61,698,12,12
Spring,2024_06_24,C2,Control,2,66,425,12,12
Spring,2024_06_24,C2,Control,2,71,533,12,12
Spring,2024_06_24,C2,Control,2,80,673,12,12
Spring,2024_06_24,C2,Control,2,84,606,12,12
Spring,2024_06_24,C2,Control,2,87,464,12,12
Spring,2024_06_24,C2,Control,2,93,839,12,12
Spring,2024_06_24,C2,Control,2,99,218,12,12
Spring,2024_06_24,C2,Control,2,184,427,12,12
Spring,2024_06_24,C2,Control,2,108,790,12,12
Spring,2024_06_24,C2,Control,2,114,828,12,12
Spring,2024_06_24,C2,Control,2,116,727,12,12
Spring,2024_06_24,C3,Control,3,1,0,12,12
Spring,2024_06_24,C3,Control,3,6,0,12,12
Spring,2024_06_24,C3,Control,3,10,0,12,12
Spring,2024_06_24,C3,Control,3,19,0,12,12
Spring,2024_06_24,C3,Control,3,21,0,12,12
Spring,2024_06_24,C3,Control,3,26,0,12,12
Spring,2024_06_24,C3,Control,3,35,0,12,12
Spring,2024_06_24,C3,Control,3,42,0,12,12
Spring,2024_06_24,C3,Control,3,46,0,12,12
Spring,2024_06_24,C3,Control,3,55,0,12,12
Spring,2024_06_24,C3,Control,3,58,0,12,12
Spring,2024_06_24,C3,Control,3,63,0,12,12
Spring,2024_06_24,C3,Control,3,59,0,12,12
Spring,2024_06_24,C3,Control,3,75,0,12,12
Spring,2024_06_24,C3,Control,3,76,0,12,12
Spring,2024_06_24,C3,Control,3,85,0,12,12
Spring,2024_06_24,C3,Control,3,86,0,12,12
Spring,2024_06_24,C3,Control,3,91,0,12,12
Spring,2024_06_24,C3,Control,3,100,0,12,12
Spring,2024_06_24,C3,Control,3,103,0,12,12
Spring,2024_06_24,C3,Control,3,109,0,12,12
Spring,2024_06_24,C3,Control,3,111,0,12,12
Spring,2024_06_24,C3,Control,3,117,0,12,12
Spring,2024_06_24,C4,Control,4,2,0,12,12
Spring,2024_06_24,C4,Control,4,9,0,12,12
Spring,2024_06_24,C4,Control,4,15,0,12,12
Spring,2024_06_24,C4,Control,4,16,0,12,12
Spring,2024_06_24,C4,Control,4,24,0,12,12
Spring,2024_06_24,C4,Control,4,28,0,12,12
Spring,2024_06_24,C4,Control,4,34,0,12,12
Spring,2024_06_24,C4,Control,4,37,0,12,12
Spring,2024_06_24,C4,Control,4,40,0,12,12
Spring,2024_06_24,C4,Control,4,49,0,12,12
Spring,2024_06_24,C4,Control,4,54,0,12,12
Spring,2024_06_24,C4,Control,4,57,0,12,12
Spring,2024_06_24,C4,Control,4,62,0,12,12
Spring,2024_06_24,C4,Control,4,67,0,12,12
Spring,2024_06_24,C4,Control,4,73,0,12,12
Spring,2024_06_24,C4,Control,4,78,0,12,12
Spring,2024_06_24,C4,Control,4,82,0,12,12
Spring,2024_06_24,C4,Control,4,87,0,12,12
Spring,2024_06_24,C4,Control,4,94,0,12,12
Spring,2024_06_24,C4,Control,4,99,0,12,12
Spring,2024_06_24,C4,Control,4,101,0,12,12
Spring,2024_06_24,C4,Control,4,107,0,12,12
Spring,2024_06_24,C4,Control,4,113,0,12,12
Spring,2024_06_24,C4,Control,4,118,0,12,12
